Feature1,Modality1,Feature2,Modality2,Interaction,Is_Cross_Modal
OJIP_FvFm,OJIP,OJIP_Vi,OJIP,0.0020681332984422546,False
BF(F440),Static,OJIP_Vi,OJIP,0.0012962725269613329,True
BF(F440),Static,SR_F440_F520,Static,0.0012775085671557142,False
SR_F440_F520,Static,OJIP_Vi,OJIP,0.0007430387974215007,True
R730,Multi,OJIP_Vi,OJIP,0.0007127407487524432,True
BF(F440),Static,OJIP_FvFm,OJIP,0.0006826501869381837,True
OJIP_ETo_RC,OJIP,OJIP_Vi,OJIP,0.0006741906430248416,False
R810,Multi,OJIP_Vi,OJIP,0.0006394916197355387,True
VI_PRI,Multi,SR_F520_F690,Static,0.0005927693617849666,True
SR_F440_F690,Static,OJIP_FvFm,OJIP,0.0005780061231519099,True
BF(F440),Static,GF(F520),Static,0.0005394248636195245,False
FrF(f740),Static,OJIP_Vi,OJIP,0.0005204164774844168,True
VI_MTCI,Multi,SR_F440_F690,Static,0.0005127787682571221,True
RF(F690),Static,OJIP_Vi,OJIP,0.000502559901663036,True
OJIP_FvFm,OJIP,OJIP_Vj,OJIP,0.00049565095709679,False
SR_F440_F520,Static,OJIP_FvFm,OJIP,0.0004727339808433707,True
R520,Multi,OJIP_Vi,OJIP,0.0004711370913972611,True
VI_NDVI,Multi,OJIP_FvFm,OJIP,0.0004687198833908615,True
OJIP_FvFm,OJIP,OJIP_DIo_RC_log,OJIP,0.0004643746997101383,False
GF(F520),Static,OJIP_FvFm,OJIP,0.0004396713790183185,True
VI_MTCI,Multi,OJIP_Vi,OJIP,0.0004361472684538484,True
SR_F440_F520,Static,OJIP_ETo_RC,OJIP,0.0004204114579358161,True
SR_F520_F740,Static,OJIP_Vi,OJIP,0.00038860798945999773,True
BF(F440),Static,OJIP_DIo_RC_log,OJIP,0.0003846981674726532,True
OJIP_FvFm,OJIP,OJIP_ETo_RC,OJIP,0.00037777400358816415,False
R580,Multi,OJIP_Vi,OJIP,0.00035927066690683143,True
VI_PRI,Multi,OJIP_Vi,OJIP,0.0003574227050968669,True
VI_GNDVI,Multi,BF(F440),Static,0.0003568959872816956,True
R900,Multi,OJIP_FvFm,OJIP,0.0003535630436255673,True
VI_EVI,Multi,OJIP_FvFm,OJIP,0.00035114837818098714,True
SR_F440_F690,Static,OJIP_Vi,OJIP,0.0003446320351264989,True
OJIP_FvFm,OJIP,OJIP_TRo_RC,OJIP,0.00034409643581820293,False
GF(F520),Static,OJIP_Vi,OJIP,0.00033657170867984644,True
VI_NDVI,Multi,OJIP_Vi,OJIP,0.00033593148369833744,True
SR_F440_F690,Static,OJIP_Vj,OJIP,0.00032351802706861267,True
R520,Multi,OJIP_FvFm,OJIP,0.0003226913899061011,True
VI_NDVI,Multi,SR_F440_F690,Static,0.000321516803260625,True
BF(F440),Static,SR_F520_F690,Static,0.00031427039467704664,False
OJIP_Vi,OJIP,OJIP_ABS_RC_log,OJIP,0.00030234721223205464,False
R520,Multi,R810,Multi,0.0002970298252279537,False
GF(F520),Static,SR_F440_F520,Static,0.0002962117196256704,False
R900,Multi,OJIP_Vi,OJIP,0.0002929502780265821,True
SR_F520_F690,Static,OJIP_Vi,OJIP,0.0002893909039228114,True
SR_F440_F520,Static,SR_F520_F690,Static,0.00028765786631896326,False
R730,Multi,R810,Multi,0.00028092049494063995,False
SR_F440_F690,Static,SR_F520_F690,Static,0.0002807495163733776,False
BF(F440),Static,SR_F440_F740,Static,0.000278047498281503,False
VI_MTCI,Multi,OJIP_FvFm,OJIP,0.0002778452954196811,True
OJIP_TRo_RC,OJIP,OJIP_DIo_RC_log,OJIP,0.000277360521154334,False
VI_NDRE,Multi,SR_F440_F690,Static,0.0002770176763972315,True
VI_NDWI,Multi,RF(F690),Static,0.0002768318405261625,True
R460,Multi,OJIP_ETo_RC,OJIP,0.00027070592398023964,True
R520,Multi,BF(F440),Static,0.00026146698241795425,True
R730,Multi,OJIP_FvFm,OJIP,0.0002597244656891822,True
VI_NDWI,Multi,OJIP_FvFm,OJIP,0.0002552380984665951,True
R810,Multi,OJIP_ETo_RC,OJIP,0.0002547126289430517,True
VI_PRI,Multi,VI_NDWI,Multi,0.0002529910429388058,False
VI_GNDVI,Multi,OJIP_Vi,OJIP,0.00025187325537146443,True
BF(F440),Static,RF(F690),Static,0.0002500961888883525,False
VI_NDRE,Multi,OJIP_Vi,OJIP,0.00024856889017938014,True
SR_F520_F690,Static,OJIP_FvFm,OJIP,0.000247804665928823,True
OJIP_Vj,OJIP,OJIP_DIo_RC_log,OJIP,0.00024384425858865253,False
RF(F690),Static,OJIP_ETo_RC,OJIP,0.0002425961709552131,True
FrF(f740),Static,OJIP_ETo_RC,OJIP,0.00024212683922593184,True
R730,Multi,FrF(f740),Static,0.00023877628808767828,True
R900,Multi,SR_F440_F520,Static,0.00023680298376206502,True
R580,Multi,OJIP_ETo_RC,OJIP,0.00023500186715793187,True
FrF(f740),Static,SR_F440_F520,Static,0.0002347935432053512,False
BF(F440),Static,OJIP_ETo_RC,OJIP,0.00023428526564489991,True
BF(F440),Static,OJIP_Vj,OJIP,0.00023092833484418857,True
VI_PRI,Multi,OJIP_TRo_RC,OJIP,0.00021845402658371925,True
VI_NDWI,Multi,OJIP_Vi,OJIP,0.000209176918862606,True
R730,Multi,BF(F440),Static,0.00020847274250396233,True
VI_PRI,Multi,OJIP_ETo_RC,OJIP,0.0002069521960866379,True
VI_NDWI,Multi,OJIP_DIo_RC_log,OJIP,0.00020660476575503213,True
SR_F440_F520,Static,SR_F440_F740,Static,0.00020281481512346046,False
VI_MTCI,Multi,BF(F440),Static,0.00019821791603420288,True
OJIP_Vi,OJIP,OJIP_DIo_RC_log,OJIP,0.00019635850720542522,False
R850,Multi,VI_NDVI,Multi,0.00019627459850313998,False
R780,Multi,VI_MTCI,Multi,0.0001939791440486983,False
SR_F440_F520,Static,SR_F520_F740,Static,0.00019032047460919134,False
R810,Multi,VI_NDVI,Multi,0.00018815921614071492,False
VI_EVI,Multi,VI_MTCI,Multi,0.00018746089858585373,False
GF(F520),Static,FrF(f740),Static,0.0001864093232422254,False
FrF(f740),Static,SR_F690_F740,Static,0.00018484719890450238,False
VI_PRI,Multi,BF(F440),Static,0.00018237066329180893,True
BF(F440),Static,SR_F440_F690,Static,0.00018131957178907777,False
OJIP_Vi,OJIP,OJIP_Vj,OJIP,0.0001811524934308506,False
R710,Multi,OJIP_Vi,OJIP,0.00017909460613846535,True
VI_MTCI,Multi,GF(F520),Static,0.00017774234827161111,True
VI_PRI,Multi,SR_F520_F740,Static,0.0001766938108746743,True
VI_EVI,Multi,OJIP_Vi,OJIP,0.0001728689451792091,True
SR_F520_F740,Static,OJIP_ETo_RC,OJIP,0.00017251867991814712,True
R780,Multi,OJIP_Vi,OJIP,0.00017177595308862057,True
R730,Multi,VI_NDWI,Multi,0.00016907192241408966,False
BF(F440),Static,SR_F690_F740,Static,0.0001661298730203291,False
VI_NDVI,Multi,RF(F690),Static,0.0001654213765034415,True
SR_F690_F740,Static,OJIP_FvFm,OJIP,0.00016361223248658797,True
SR_F520_F740,Static,OJIP_FvFm,OJIP,0.00016116052890289263,True
OJIP_TRo_RC,OJIP,OJIP_Vi,OJIP,0.0001603556131341477,False
R460,Multi,R900,Multi,0.0001600544862307304,False
OJIP_ETo_RC,OJIP,OJIP_ABS_RC_log,OJIP,0.00015964570389007902,False
R730,Multi,SR_F440_F520,Static,0.00015756902648890908,True
OJIP_FvFm,OJIP,OJIP_PIabs,OJIP,0.00015659463540651579,False
R810,Multi,SR_F440_F690,Static,0.00015610952207622725,True
OJIP_ETo_RC,OJIP,OJIP_DIo_RC_log,OJIP,0.00015401149506643334,False
R460,Multi,GF(F520),Static,0.00015323877602341245,True
R460,Multi,VI_NDWI,Multi,0.0001522255610322326,False
VI_PRI,Multi,RF(F690),Static,0.0001520779228727239,True
VI_NDVI,Multi,BF(F440),Static,0.00015202793478494989,True
SR_F440_F740,Static,OJIP_ETo_RC,OJIP,0.000152011557520074,True
R760,Multi,BF(F440),Static,0.0001479287139419604,True
VI_EVI,Multi,SR_F440_F690,Static,0.00014782043589737292,True
R850,Multi,OJIP_Vi,OJIP,0.0001475456158695158,True
R730,Multi,OJIP_ETo_RC,OJIP,0.00014632954950984719,True
VI_NDWI,Multi,BF(F440),Static,0.0001462545316649813,True
SR_F440_F740,Static,OJIP_Vi,OJIP,0.00014463422362504403,True
R730,Multi,OJIP_ABS_RC_log,OJIP,0.00014225513154888294,True
BF(F440),Static,OJIP_PIabs,OJIP,0.00014039951883795235,True
SR_F440_F690,Static,OJIP_ABS_RC_log,OJIP,0.00013960530542063787,True
FrF(f740),Static,OJIP_FvFm,OJIP,0.00013926434117963286,True
BF(F440),Static,FrF(f740),Static,0.00013904094926369962,False
SR_F440_F690,Static,OJIP_TRo_RC,OJIP,0.00013823605975854433,True
VI_GNDVI,Multi,SR_F440_F520,Static,0.0001378700622847929,True
R810,Multi,VI_MTCI,Multi,0.00013724880917088535,False
R710,Multi,BF(F440),Static,0.00013492365923794893,True
R580,Multi,BF(F440),Static,0.00013240448312082481,True
OJIP_FvFm,OJIP,OJIP_ABS_RC_log,OJIP,0.0001316600936450499,False
R460,Multi,SR_F440_F690,Static,0.00013139311451576609,True
R900,Multi,SR_F440_F740,Static,0.00012857337945344595,True
R520,Multi,VI_NDWI,Multi,0.00012793566626529822,False
R520,Multi,VI_NDVI,Multi,0.00012777213640842628,False
R810,Multi,OJIP_FvFm,OJIP,0.00012692507631824272,True
R580,Multi,SR_F520_F740,Static,0.00012540013044244126,True
R710,Multi,OJIP_FvFm,OJIP,0.0001251379575632515,True
R810,Multi,SR_F520_F740,Static,0.00012503629374218785,True
R900,Multi,VI_EVI,Multi,0.00012498495694156003,False
SR_F440_F690,Static,OJIP_PIabs,OJIP,0.00012398161785879736,True
VI_PRI,Multi,SR_F440_F520,Static,0.0001239098941012481,True
R780,Multi,SR_F440_F690,Static,0.0001232010627544487,True
SR_F440_F740,Static,OJIP_FvFm,OJIP,0.00012228377134954448,True
VI_NDRE,Multi,SR_F520_F690,Static,0.00012195504382297266,True
R520,Multi,OJIP_DIo_RC_log,OJIP,0.00011908763628844083,True
VI_EVI,Multi,OJIP_DIo_RC_log,OJIP,0.000119060709724783,True
SR_F440_F690,Static,OJIP_ETo_RC,OJIP,0.00011792449382228385,True
R580,Multi,SR_F440_F690,Static,0.00011778742639602064,True
R760,Multi,VI_NDRE,Multi,0.00011770231141257709,False
R900,Multi,SR_F440_F690,Static,0.00011684436128051182,True
VI_NDVI,Multi,VI_NDRE,Multi,0.00011675135921623207,False
GF(F520),Static,OJIP_ETo_RC,OJIP,0.00011507602922479982,True
VI_NDRE,Multi,BF(F440),Static,0.00011448914272289818,True
FrF(f740),Static,SR_F520_F690,Static,0.00011284232665799573,False
R900,Multi,OJIP_ETo_RC,OJIP,0.00011234285259097745,True
SR_F690_F740,Static,OJIP_Vj,OJIP,0.0001109847856021418,True
RF(F690),Static,OJIP_PIabs,OJIP,0.00010791262973817525,True
VI_NDVI,Multi,OJIP_DIo_RC_log,OJIP,0.00010786816300864043,True
R810,Multi,VI_NDWI,Multi,0.00010737740539651449,False
R730,Multi,R760,Multi,0.00010636724321325126,False
SR_F440_F520,Static,OJIP_DIo_RC_log,OJIP,0.00010593109115829662,True
R810,Multi,GF(F520),Static,0.00010505645326028399,True
R810,Multi,SR_F690_F740,Static,0.00010483027871113989,True
VI_NDRE,Multi,OJIP_ETo_RC,OJIP,0.00010293321185793473,True
R780,Multi,SR_F440_F520,Static,0.00010229474248444146,True
SR_F440_F690,Static,SR_F520_F740,Static,0.0001020588560504632,False
VI_GNDVI,Multi,FrF(f740),Static,0.00010173564118150081,True
R900,Multi,VI_NDVI,Multi,0.0001012011818590627,False
BF(F440),Static,SR_F520_F740,Static,9.968453818125433e-05,False
R710,Multi,SR_F520_F740,Static,9.947677569918252e-05,True
FrF(f740),Static,SR_F440_F740,Static,9.793256464485141e-05,False
VI_NDVI,Multi,SR_F440_F520,Static,9.709103462815327e-05,True
SR_F520_F690,Static,SR_F520_F740,Static,9.692142183223234e-05,False
R520,Multi,SR_F520_F740,Static,9.672039424275535e-05,True
VI_NDVI,Multi,OJIP_ETo_RC,OJIP,9.639746323404167e-05,True
R460,Multi,OJIP_FvFm,OJIP,9.411340622885924e-05,True
R760,Multi,SR_F440_F740,Static,9.363415232871809e-05,True
VI_NDRE,Multi,OJIP_DIo_RC_log,OJIP,9.30156555085585e-05,True
RF(F690),Static,SR_F440_F520,Static,9.180128738743999e-05,False
VI_EVI,Multi,RF(F690),Static,9.173165846352774e-05,True
R660,Multi,OJIP_FvFm,OJIP,9.128339104146337e-05,True
VI_NDWI,Multi,OJIP_ETo_RC,OJIP,9.103555037954108e-05,True
R780,Multi,SR_F520_F740,Static,9.02088718914633e-05,True
RF(F690),Static,SR_F520_F740,Static,8.896242428760988e-05,False
R780,Multi,R810,Multi,8.88399007733818e-05,False
R660,Multi,GF(F520),Static,8.856245144276464e-05,True
VI_EVI,Multi,SR_F520_F740,Static,8.843345294787293e-05,True
FrF(f740),Static,SR_F440_F690,Static,8.832948475427311e-05,False
VI_NDWI,Multi,SR_F520_F690,Static,8.758261459812107e-05,True
OJIP_PIabs,OJIP,OJIP_Vi,OJIP,8.732381434879283e-05,False
R660,Multi,OJIP_TRo_RC,OJIP,8.731743872037933e-05,True
OJIP_TRo_RC,OJIP,OJIP_ETo_RC,OJIP,8.721050639170397e-05,False
R810,Multi,SR_F440_F520,Static,8.577771495273275e-05,True
VI_MTCI,Multi,VI_NDWI,Multi,8.550606895816919e-05,False
RF(F690),Static,OJIP_FvFm,OJIP,8.446726734248646e-05,True
SR_F690_F740,Static,SR_F440_F690,Static,8.297110131891855e-05,False
R660,Multi,BF(F440),Static,8.28755276603155e-05,True
SR_F690_F740,Static,OJIP_ETo_RC,OJIP,8.231167684152413e-05,True
R850,Multi,SR_F440_F740,Static,8.221353640836923e-05,True
VI_NDWI,Multi,GF(F520),Static,8.195437184852788e-05,True
R460,Multi,OJIP_Vi,OJIP,8.092599270344912e-05,True
SR_F520_F740,Static,OJIP_ABS_RC_log,OJIP,8.049036496540006e-05,True
R460,Multi,FrF(f740),Static,7.998818318861775e-05,True
VI_NDWI,Multi,SR_F440_F520,Static,7.883266719442596e-05,True
R850,Multi,VI_NDRE,Multi,7.661284559663157e-05,False
R460,Multi,VI_EVI,Multi,7.492427505042042e-05,False
BF(F440),Static,OJIP_ABS_RC_log,OJIP,7.454305993137022e-05,True
R780,Multi,SR_F520_F690,Static,7.436522569825033e-05,True
R850,Multi,FrF(f740),Static,7.435182303825468e-05,True
VI_EVI,Multi,OJIP_ETo_RC,OJIP,7.432570753481611e-05,True
SR_F440_F690,Static,SR_F440_F520,Static,7.424102908896015e-05,False
OJIP_ETo_RC,OJIP,OJIP_Vj,OJIP,7.369999980437632e-05,False
SR_F440_F690,Static,OJIP_DIo_RC_log,OJIP,7.313985605534176e-05,True
R760,Multi,OJIP_Vi,OJIP,7.301108976230385e-05,True
VI_MTCI,Multi,VI_GNDVI,Multi,7.294705857063301e-05,False
VI_PRI,Multi,OJIP_ABS_RC_log,OJIP,7.294409070670059e-05,True
R730,Multi,SR_F440_F690,Static,7.248112263749342e-05,True
R710,Multi,OJIP_ETo_RC,OJIP,7.204839880477723e-05,True
VI_NDRE,Multi,FrF(f740),Static,7.204107785074522e-05,True
R710,Multi,SR_F440_F520,Static,7.157312409855718e-05,True
SR_F520_F690,Static,SR_F440_F740,Static,7.153680411815151e-05,False
R660,Multi,SR_F440_F690,Static,7.144110981982891e-05,True
R760,Multi,SR_F440_F690,Static,7.04565043283969e-05,True
VI_EVI,Multi,GF(F520),Static,7.027577033974089e-05,True
R850,Multi,SR_F440_F690,Static,6.92813232849464e-05,True
R900,Multi,FrF(f740),Static,6.865162801171204e-05,True
R520,Multi,R580,Multi,6.757197743470276e-05,False
R520,Multi,SR_F440_F690,Static,6.717192382228325e-05,True
R710,Multi,VI_NDWI,Multi,6.54332174339987e-05,False
VI_NDWI,Multi,FrF(f740),Static,6.469966907011104e-05,True
OJIP_TRo_RC,OJIP,OJIP_Vj,OJIP,6.45670701006358e-05,False
R780,Multi,FrF(f740),Static,6.456071151096926e-05,True
SR_F690_F740,Static,SR_F440_F520,Static,6.455627566367904e-05,False
VI_PRI,Multi,OJIP_FvFm,OJIP,6.446030632687417e-05,True
R660,Multi,VI_NDWI,Multi,6.44050344225739e-05,False
R660,Multi,SR_F440_F520,Static,6.4096494123683e-05,True
VI_MTCI,Multi,OJIP_ETo_RC,OJIP,6.306325615755844e-05,True
R780,Multi,OJIP_ETo_RC,OJIP,6.165650267407586e-05,True
R810,Multi,R900,Multi,5.9978686077163926e-05,False
R850,Multi,SR_F440_F520,Static,5.982668397735761e-05,True
R460,Multi,VI_NDVI,Multi,5.9480543761471424e-05,False
VI_GNDVI,Multi,SR_F440_F690,Static,5.8263826722526436e-05,True
SR_F520_F740,Static,OJIP_PIabs,OJIP,5.8234386297137885e-05,True
R730,Multi,VI_PRI,Multi,5.774328446646169e-05,False
R580,Multi,R850,Multi,5.73599957124915e-05,False
R580,Multi,SR_F440_F520,Static,5.721487101539318e-05,True
R460,Multi,SR_F440_F520,Static,5.715223572753815e-05,True
VI_EVI,Multi,BF(F440),Static,5.627350235051678e-05,True
FrF(f740),Static,OJIP_Vj,OJIP,5.624343533393653e-05,True
R520,Multi,OJIP_ETo_RC,OJIP,5.524032038847811e-05,True
VI_EVI,Multi,VI_GNDVI,Multi,5.501213862675816e-05,False
VI_NDRE,Multi,OJIP_PIabs,OJIP,5.474950307843995e-05,True
R810,Multi,FrF(f740),Static,5.3597514280517717e-05,True
VI_NDRE,Multi,SR_F440_F520,Static,5.3591589324551875e-05,True
R850,Multi,OJIP_ABS_RC_log,OJIP,5.30736231359221e-05,True
R730,Multi,VI_NDRE,Multi,5.266770933571545e-05,False
R900,Multi,BF(F440),Static,5.2358341744842293e-05,True
VI_NDRE,Multi,VI_EVI,Multi,5.1944612302104814e-05,False
R900,Multi,GF(F520),Static,5.11518035150084e-05,True
R760,Multi,GF(F520),Static,5.098317610284786e-05,True
R780,Multi,VI_NDRE,Multi,5.091117076614144e-05,False
R850,Multi,OJIP_ETo_RC,OJIP,5.0902139347574686e-05,True
SR_F440_F520,Static,OJIP_ABS_RC_log,OJIP,5.0211639201188064e-05,True
VI_MTCI,Multi,SR_F440_F520,Static,4.970317316938421e-05,True
R850,Multi,OJIP_FvFm,OJIP,4.969869184315161e-05,True
VI_PRI,Multi,FrF(f740),Static,4.9663413993463766e-05,True
R760,Multi,VI_NDWI,Multi,4.910371920697379e-05,False
VI_EVI,Multi,SR_F520_F690,Static,4.874298627060646e-05,True
VI_NDWI,Multi,SR_F440_F740,Static,4.832432493863981e-05,True
GF(F520),Static,OJIP_TRo_RC,OJIP,4.798601420337355e-05,True
SR_F520_F740,Static,OJIP_Vj,OJIP,4.776790928101572e-05,True
VI_PRI,Multi,SR_F440_F690,Static,4.7616492734629383e-05,True
R780,Multi,OJIP_DIo_RC_log,OJIP,4.7205202131242475e-05,True
R760,Multi,OJIP_ETo_RC,OJIP,4.7047508745255855e-05,True
VI_NDWI,Multi,OJIP_PIabs,OJIP,4.687882875802703e-05,True
SR_F440_F520,Static,OJIP_PIabs,OJIP,4.668870780167055e-05,True
VI_NDWI,Multi,OJIP_Vj,OJIP,4.5246668848319185e-05,True
R710,Multi,VI_GNDVI,Multi,4.498357820533141e-05,False
SR_F520_F690,Static,OJIP_Vj,OJIP,4.468382235563919e-05,True
GF(F520),Static,RF(F690),Static,4.403749740619682e-05,False
VI_NDRE,Multi,VI_NDWI,Multi,4.381551125723036e-05,False
VI_GNDVI,Multi,SR_F520_F740,Static,4.372178471345811e-05,True
R710,Multi,GF(F520),Static,4.359614974748515e-05,True
VI_EVI,Multi,OJIP_Vj,OJIP,4.298914448821764e-05,True
R900,Multi,OJIP_ABS_RC_log,OJIP,4.2719437108193434e-05,True
R580,Multi,OJIP_FvFm,OJIP,4.2688721020845245e-05,True
R580,Multi,GF(F520),Static,4.2451702741453405e-05,True
OJIP_TRo_RC,OJIP,OJIP_ABS_RC_log,OJIP,4.238814754875585e-05,False
VI_NDRE,Multi,GF(F520),Static,4.207227551502934e-05,True
R660,Multi,VI_PRI,Multi,4.186278262426324e-05,False
VI_NDRE,Multi,SR_F690_F740,Static,4.180719759594183e-05,True
R760,Multi,SR_F440_F520,Static,4.137957763930502e-05,True
VI_GNDVI,Multi,OJIP_ETo_RC,OJIP,4.049055443703126e-05,True
VI_NDWI,Multi,SR_F440_F690,Static,4.017439377034751e-05,True
R810,Multi,SR_F520_F690,Static,4.009188419282052e-05,True
SR_F440_F740,Static,OJIP_PIabs,OJIP,3.964188331194136e-05,True
FrF(f740),Static,OJIP_DIo_RC_log,OJIP,3.938503504341989e-05,True
R810,Multi,OJIP_TRo_RC,OJIP,3.938203691471429e-05,True
BF(F440),Static,OJIP_TRo_RC,OJIP,3.869456647705055e-05,True
R660,Multi,SR_F520_F690,Static,3.8568795042177635e-05,True
VI_EVI,Multi,OJIP_TRo_RC,OJIP,3.813066376085375e-05,True
VI_EVI,Multi,FrF(f740),Static,3.80423642065966e-05,True
R460,Multi,BF(F440),Static,3.7702219570785394e-05,True
R580,Multi,OJIP_TRo_RC,OJIP,3.7699449401016433e-05,True
GF(F520),Static,SR_F440_F690,Static,3.723617799157955e-05,False
R460,Multi,RF(F690),Static,3.700586778511293e-05,True
SR_F440_F520,Static,OJIP_Vj,OJIP,3.644617955113836e-05,True
VI_EVI,Multi,VI_PRI,Multi,3.5800382778506546e-05,False
SR_F690_F740,Static,SR_F440_F740,Static,3.516969954784189e-05,False
R460,Multi,OJIP_TRo_RC,OJIP,3.491065393678231e-05,True
R660,Multi,OJIP_Vi,OJIP,3.430902959334087e-05,True
SR_F690_F740,Static,OJIP_TRo_RC,OJIP,3.4237382566801505e-05,True
OJIP_PIabs,OJIP,OJIP_DIo_RC_log,OJIP,3.4041155516434035e-05,False
RF(F690),Static,SR_F440_F690,Static,3.3977676721537094e-05,False
VI_GNDVI,Multi,OJIP_DIo_RC_log,OJIP,3.3753961381585906e-05,True
R460,Multi,VI_PRI,Multi,3.36746298488938e-05,False
VI_GNDVI,Multi,SR_F520_F690,Static,3.342791383343571e-05,True
R760,Multi,FrF(f740),Static,3.321264394922726e-05,True
VI_NDRE,Multi,SR_F440_F740,Static,3.299253719533446e-05,True
RF(F690),Static,SR_F520_F690,Static,3.295917745634827e-05,False
R810,Multi,BF(F440),Static,3.292380994852388e-05,True
OJIP_Vj,OJIP,OJIP_ABS_RC_log,OJIP,3.27270211059608e-05,False
SR_F440_F740,Static,OJIP_Vj,OJIP,3.1413541312497836e-05,True
R760,Multi,R780,Multi,3.122375267433659e-05,False
R580,Multi,VI_PRI,Multi,3.104976772418911e-05,False
R900,Multi,VI_PRI,Multi,3.095538358371496e-05,False
VI_PRI,Multi,OJIP_Vj,OJIP,3.0922593133062095e-05,True
R780,Multi,BF(F440),Static,3.072717263625095e-05,True
R710,Multi,VI_PRI,Multi,3.018304233235231e-05,False
VI_EVI,Multi,VI_NDWI,Multi,2.9263625033244445e-05,False
VI_NDRE,Multi,OJIP_FvFm,OJIP,2.869763217791859e-05,True
R810,Multi,VI_PRI,Multi,2.7438274523464823e-05,False
GF(F520),Static,OJIP_PIabs,OJIP,2.7277490205875444e-05,True
R810,Multi,R850,Multi,2.6556187551010676e-05,False
R460,Multi,R710,Multi,2.6251189601795235e-05,False
SR_F690_F740,Static,OJIP_PIabs,OJIP,2.5843294301561013e-05,True
R730,Multi,VI_GNDVI,Multi,2.5489903379550195e-05,False
VI_MTCI,Multi,SR_F690_F740,Static,2.5407987290299383e-05,True
SR_F690_F740,Static,OJIP_Vi,OJIP,2.5194707169894908e-05,True
R710,Multi,VI_NDRE,Multi,2.4813978244170552e-05,False
VI_NDRE,Multi,OJIP_TRo_RC,OJIP,2.4676213362848838e-05,True
VI_NDWI,Multi,OJIP_TRo_RC,OJIP,2.4516245791067607e-05,True
OJIP_ABS_RC_log,OJIP,OJIP_DIo_RC_log,OJIP,2.4212516190031292e-05,False
R780,Multi,OJIP_FvFm,OJIP,2.401604950202611e-05,True
R850,Multi,BF(F440),Static,2.3902360397808913e-05,True
VI_SIPI,Multi,OJIP_FvFm,OJIP,2.351087846383889e-05,True
R900,Multi,VI_NDWI,Multi,2.3079789370110364e-05,False
R460,Multi,OJIP_PIabs,OJIP,2.3047928225271936e-05,True
SR_F520_F690,Static,OJIP_PIabs,OJIP,2.3017062392588912e-05,True
R730,Multi,RF(F690),Static,2.3007301449681415e-05,True
SR_F440_F690,Static,SR_F440_F740,Static,2.232041413939532e-05,False
R710,Multi,OJIP_DIo_RC_log,OJIP,2.164868796535096e-05,True
VI_NDVI,Multi,FrF(f740),Static,2.1072970530681626e-05,True
R460,Multi,SR_F520_F690,Static,2.0799541371468845e-05,True
VI_PRI,Multi,SR_F690_F740,Static,2.0795146054389936e-05,True
R730,Multi,SR_F520_F740,Static,2.0693440015712184e-05,True
VI_EVI,Multi,OJIP_ABS_RC_log,OJIP,2.0577574877879353e-05,True
R900,Multi,OJIP_DIo_RC_log,OJIP,2.052423966956385e-05,True
R850,Multi,VI_PRI,Multi,1.944089212527024e-05,False
VI_NDVI,Multi,VI_MTCI,Multi,1.8868766362173394e-05,False
R850,Multi,SR_F520_F690,Static,1.8400080961756315e-05,True
R660,Multi,R810,Multi,1.8121303647611603e-05,False
SR_F520_F690,Static,OJIP_ETo_RC,OJIP,1.7663232080268032e-05,True
R460,Multi,R520,Multi,1.7338014413494492e-05,False
SR_F520_F740,Static,OJIP_TRo_RC,OJIP,1.6845307019317025e-05,True
R730,Multi,SR_F440_F740,Static,1.6761900754563187e-05,True
VI_PRI,Multi,GF(F520),Static,1.651710799595146e-05,True
VI_EVI,Multi,SR_F440_F520,Static,1.62700186099509e-05,True
RF(F690),Static,OJIP_ABS_RC_log,OJIP,1.6224399034666186e-05,True
VI_SIPI,Multi,SR_F440_F690,Static,1.595656506467198e-05,True
SR_F690_F740,Static,OJIP_DIo_RC_log,OJIP,1.5888935102924663e-05,True
VI_PRI,Multi,SR_F440_F740,Static,1.527388700079964e-05,True
R730,Multi,SR_F520_F690,Static,1.5257362534480853e-05,True
R760,Multi,OJIP_PIabs,OJIP,1.5114518780101014e-05,True
VI_PRI,Multi,OJIP_PIabs,OJIP,1.5103257263837004e-05,True
R810,Multi,VI_SIPI,Multi,1.4780603011538757e-05,False
VI_NDVI,Multi,SR_F520_F690,Static,1.4310959966822802e-05,True
R460,Multi,VI_NDRE,Multi,1.4197616821204834e-05,False
R460,Multi,SR_F520_F740,Static,1.4157684987129044e-05,True
SR_F440_F740,Static,OJIP_TRo_RC,OJIP,1.411085516301532e-05,True
R710,Multi,SR_F520_F690,Static,1.4086510959047046e-05,True
R730,Multi,VI_EVI,Multi,1.379658895929996e-05,False
VI_SIPI,Multi,SR_F440_F740,Static,1.3653969707875172e-05,True
R810,Multi,RF(F690),Static,1.3650760356460584e-05,True
R850,Multi,SR_F690_F740,Static,1.3616275939552728e-05,True
SR_F690_F740,Static,SR_F520_F740,Static,1.3529161389144116e-05,False
R730,Multi,SR_F690_F740,Static,1.3511110569207588e-05,True
OJIP_PIabs,OJIP,OJIP_Vj,OJIP,1.3402029533845982e-05,False
VI_MTCI,Multi,SR_F520_F740,Static,1.3354576051536615e-05,True
R460,Multi,R810,Multi,1.315474486748196e-05,False
R580,Multi,R810,Multi,1.2902733799823649e-05,False
VI_SIPI,Multi,SR_F690_F740,Static,1.2568390163076174e-05,True
R730,Multi,GF(F520),Static,1.239672867626914e-05,True
R710,Multi,OJIP_TRo_RC,OJIP,1.2279416366362094e-05,True
VI_EVI,Multi,SR_F690_F740,Static,1.1992766526189057e-05,True
VI_NDWI,Multi,SR_F690_F740,Static,1.1748135267094368e-05,True
SR_F690_F740,Static,SR_F520_F690,Static,1.1727907239677777e-05,False
VI_NDVI,Multi,SR_F690_F740,Static,1.1254308383741155e-05,True
R660,Multi,VI_EVI,Multi,1.1226577487201866e-05,False
RF(F690),Static,OJIP_Vj,OJIP,1.1178135826155472e-05,True
RF(F690),Static,SR_F440_F740,Static,1.1101392166002288e-05,False
VI_MTCI,Multi,RF(F690),Static,1.0948961489168959e-05,True
GF(F520),Static,SR_F440_F740,Static,1.0576038647527803e-05,False
R710,Multi,RF(F690),Static,1.0528965962893354e-05,True
R460,Multi,R580,Multi,1.0422658235223224e-05,False
SR_F520_F690,Static,OJIP_ABS_RC_log,OJIP,1.0073797147475995e-05,True
R460,Multi,OJIP_DIo_RC_log,OJIP,1.0072718960506833e-05,True
R760,Multi,SR_F520_F690,Static,1.000305248454978e-05,True
RF(F690),Static,OJIP_TRo_RC,OJIP,9.691625135804632e-06,True
R580,Multi,R710,Multi,9.637958167083366e-06,False
R460,Multi,VI_MTCI,Multi,9.49531173223404e-06,False
R730,Multi,R900,Multi,9.222499379015855e-06,False
OJIP_PIabs,OJIP,OJIP_ETo_RC,OJIP,9.081132210172604e-06,False
R520,Multi,VI_NDRE,Multi,9.030788155232974e-06,False
VI_NDVI,Multi,SR_F520_F740,Static,8.529349538039218e-06,True
R710,Multi,SR_F690_F740,Static,8.267110473604381e-06,True
R520,Multi,FrF(f740),Static,7.58275475036853e-06,True
VI_NDWI,Multi,SR_F520_F740,Static,7.580685789387263e-06,True
R460,Multi,SR_F440_F740,Static,7.319445962261512e-06,True
VI_NDRE,Multi,VI_PRI,Multi,7.3002887771800865e-06,False
SR_F440_F740,Static,OJIP_ABS_RC_log,OJIP,7.075287056840789e-06,True
R730,Multi,OJIP_TRo_RC,OJIP,7.00457801435945e-06,True
R710,Multi,VI_EVI,Multi,6.761975134113181e-06,False
VI_GNDVI,Multi,OJIP_Vj,OJIP,6.373310471290307e-06,True
R710,Multi,VI_NDVI,Multi,6.334577978384795e-06,False
VI_NDRE,Multi,OJIP_Vj,OJIP,6.330803513233476e-06,True
R660,Multi,VI_NDVI,Multi,6.218189576048468e-06,False
SR_F520_F690,Static,OJIP_DIo_RC_log,OJIP,6.080316080671859e-06,True
R460,Multi,R760,Multi,6.0748642588102436e-06,False
R460,Multi,VI_GNDVI,Multi,5.896765728892607e-06,False
R780,Multi,VI_EVI,Multi,5.750265586925103e-06,False
R520,Multi,SR_F440_F740,Static,5.6820295126332625e-06,True
R460,Multi,OJIP_Vj,OJIP,5.487209049765119e-06,True
SR_F440_F520,Static,OJIP_TRo_RC,OJIP,5.185182761034448e-06,True
R710,Multi,R760,Multi,5.080975929928101e-06,False
R520,Multi,R730,Multi,5.015675577151952e-06,False
R760,Multi,VI_MTCI,Multi,4.7475541217475404e-06,False
R520,Multi,SR_F520_F690,Static,4.741284401508025e-06,True
VI_NDVI,Multi,VI_PRI,Multi,4.558399045446561e-06,False
R460,Multi,SR_F690_F740,Static,4.521125944954225e-06,True
VI_GNDVI,Multi,RF(F690),Static,4.233027160889103e-06,True
FrF(f740),Static,OJIP_ABS_RC_log,OJIP,4.191872275374239e-06,True
SR_F440_F740,Static,OJIP_DIo_RC_log,OJIP,4.141755626676233e-06,True
VI_GNDVI,Multi,OJIP_FvFm,OJIP,4.073762826325289e-06,True
R710,Multi,FrF(f740),Static,3.9919286367304575e-06,True
R780,Multi,VI_PRI,Multi,3.8107026255627737e-06,False
R900,Multi,VI_MTCI,Multi,3.430498169423849e-06,False
VI_NDRE,Multi,VI_GNDVI,Multi,3.393741842534344e-06,False
VI_GNDVI,Multi,OJIP_ABS_RC_log,OJIP,3.1757805373025066e-06,True
R710,Multi,VI_MTCI,Multi,3.0528952673304584e-06,False
R850,Multi,SR_F520_F740,Static,3.030646768793483e-06,True
VI_MTCI,Multi,FrF(f740),Static,2.9882855062599214e-06,True
R520,Multi,OJIP_Vj,OJIP,2.79168329326346e-06,True
FrF(f740),Static,OJIP_PIabs,OJIP,2.583139892507137e-06,True
VI_NDRE,Multi,OJIP_ABS_RC_log,OJIP,2.4745810801626184e-06,True
SR_F520_F690,Static,OJIP_TRo_RC,OJIP,2.278060224244105e-06,True
VI_MTCI,Multi,OJIP_DIo_RC_log,OJIP,2.2525775014941576e-06,True
OJIP_PIabs,OJIP,OJIP_TRo_RC,OJIP,2.230214303967377e-06,False
VI_GNDVI,Multi,GF(F520),Static,2.0565682858282068e-06,True
R730,Multi,OJIP_DIo_RC_log,OJIP,2.0427903075241747e-06,True
VI_SIPI,Multi,BF(F440),Static,2.038272123883397e-06,True
R780,Multi,OJIP_PIabs,OJIP,1.9069753134200951e-06,True
R900,Multi,OJIP_PIabs,OJIP,1.8099842200588571e-06,True
R520,Multi,R660,Multi,1.8062458184030601e-06,False
VI_GNDVI,Multi,SR_F690_F740,Static,1.7624294145731893e-06,True
FrF(f740),Static,SR_F520_F740,Static,1.7518990453283753e-06,False
R660,Multi,OJIP_DIo_RC_log,OJIP,1.5619988537266825e-06,True
R710,Multi,R730,Multi,1.54608139521217e-06,False
R520,Multi,OJIP_PIabs,OJIP,1.4704347987232695e-06,True
R760,Multi,OJIP_DIo_RC_log,OJIP,1.3393319585306724e-06,True
R660,Multi,OJIP_Vj,OJIP,1.332392164819784e-06,True
VI_SIPI,Multi,SR_F520_F690,Static,1.2166538677455334e-06,True
R660,Multi,OJIP_ABS_RC_log,OJIP,1.150785585429714e-06,True
R660,Multi,OJIP_PIabs,OJIP,1.1132800151834748e-06,True
R660,Multi,FrF(f740),Static,1.0924483413123953e-06,True
R520,Multi,R760,Multi,1.0002915097025041e-06,False
R710,Multi,OJIP_ABS_RC_log,OJIP,9.605180924088934e-07,True
R760,Multi,OJIP_FvFm,OJIP,8.791706402651096e-07,True
R660,Multi,OJIP_ETo_RC,OJIP,7.262072003665876e-07,True
R730,Multi,OJIP_PIabs,OJIP,6.692216763689634e-07,True
R760,Multi,OJIP_Vj,OJIP,6.291584108280546e-07,True
R460,Multi,R660,Multi,5.562788999596907e-07,False
VI_GNDVI,Multi,OJIP_TRo_RC,OJIP,5.461643805008267e-07,True
R730,Multi,OJIP_Vj,OJIP,5.421706911644657e-07,True
OJIP_PIabs,OJIP,OJIP_ABS_RC_log,OJIP,5.039350656401953e-07,False
VI_PRI,Multi,OJIP_DIo_RC_log,OJIP,2.954311426788437e-07,True
R710,Multi,R780,Multi,2.729728677724245e-07,False
R660,Multi,R900,Multi,1.7046061899962977e-07,False
R660,Multi,SR_F520_F740,Static,1.353560190574981e-07,True
R520,Multi,VI_GNDVI,Multi,1.265901246168835e-07,False
R520,Multi,OJIP_ABS_RC_log,OJIP,1.2524525346946745e-07,True
R760,Multi,R900,Multi,1.0203151645751856e-07,False
R900,Multi,OJIP_Vj,OJIP,9.619581869279653e-08,True
SR_F520_F740,Static,OJIP_DIo_RC_log,OJIP,8.840794165696228e-08,True
GF(F520),Static,OJIP_Vj,OJIP,7.588354705694521e-08,True
R660,Multi,RF(F690),Static,7.014188740472876e-08,True
R760,Multi,SR_F520_F740,Static,5.704597499746983e-08,True
R780,Multi,OJIP_Vj,OJIP,4.5612348398678215e-08,True
RF(F690),Static,OJIP_DIo_RC_log,OJIP,4.523968929863118e-08,True
R520,Multi,GF(F520),Static,4.518314956634254e-08,True
GF(F520),Static,OJIP_DIo_RC_log,OJIP,3.9729494298333835e-08,True
R760,Multi,RF(F690),Static,3.664567712523209e-08,True
R520,Multi,RF(F690),Static,2.3781903728090228e-08,True
R760,Multi,OJIP_TRo_RC,OJIP,2.1586417706540082e-08,True
RF(F690),Static,FrF(f740),Static,1.7862768673734322e-08,False
VI_MTCI,Multi,OJIP_Vj,OJIP,1.7208833233003453e-08,True
SR_F690_F740,Static,OJIP_ABS_RC_log,OJIP,0.0,True
R900,Multi,VI_NDRE,Multi,0.0,False
R580,Multi,OJIP_PIabs,OJIP,0.0,True
R660,Multi,R850,Multi,0.0,False
R580,Multi,SR_F440_F740,Static,0.0,True
VI_NDVI,Multi,GF(F520),Static,0.0,True
R850,Multi,OJIP_DIo_RC_log,OJIP,0.0,True
R580,Multi,OJIP_Vj,OJIP,0.0,True
R580,Multi,OJIP_ABS_RC_log,OJIP,0.0,True
R580,Multi,OJIP_DIo_RC_log,OJIP,0.0,True
FrF(f740),Static,OJIP_TRo_RC,OJIP,0.0,True
R660,Multi,R710,Multi,0.0,False
R660,Multi,R780,Multi,0.0,False
R660,Multi,R730,Multi,0.0,False
R850,Multi,OJIP_Vj,OJIP,0.0,True
R660,Multi,R760,Multi,0.0,False
R580,Multi,SR_F520_F690,Static,0.0,True
R810,Multi,VI_NDRE,Multi,0.0,False
R580,Multi,SR_F690_F740,Static,0.0,True
R580,Multi,FrF(f740),Static,0.0,True
R520,Multi,VI_MTCI,Multi,0.0,False
R520,Multi,VI_PRI,Multi,0.0,False
R520,Multi,VI_SIPI,Multi,0.0,False
R520,Multi,VI_EVI,Multi,0.0,False
R520,Multi,R900,Multi,0.0,False
R520,Multi,R850,Multi,0.0,False
R520,Multi,R780,Multi,0.0,False
R520,Multi,R710,Multi,0.0,False
VI_NDRE,Multi,VI_MTCI,Multi,0.0,False
R460,Multi,OJIP_ABS_RC_log,OJIP,0.0,True
VI_NDRE,Multi,VI_SIPI,Multi,0.0,False
VI_NDVI,Multi,VI_SIPI,Multi,0.0,False
R900,Multi,SR_F520_F690,Static,0.0,True
R460,Multi,VI_SIPI,Multi,0.0,False
R900,Multi,RF(F690),Static,0.0,True
R460,Multi,R850,Multi,0.0,False
VI_NDVI,Multi,OJIP_ABS_RC_log,OJIP,0.0,True
R460,Multi,R780,Multi,0.0,False
R460,Multi,R730,Multi,0.0,False
R900,Multi,VI_GNDVI,Multi,0.0,False
SR_F440_F740,Static,SR_F520_F740,Static,0.0,False
R520,Multi,SR_F690_F740,Static,0.0,True
R580,Multi,R900,Multi,0.0,False
R580,Multi,RF(F690),Static,0.0,True
R580,Multi,VI_NDWI,Multi,0.0,False
R580,Multi,VI_GNDVI,Multi,0.0,False
R580,Multi,VI_MTCI,Multi,0.0,False
R580,Multi,VI_SIPI,Multi,0.0,False
R580,Multi,VI_EVI,Multi,0.0,False
R580,Multi,VI_NDRE,Multi,0.0,False
R580,Multi,VI_NDVI,Multi,0.0,False
VI_NDRE,Multi,RF(F690),Static,0.0,True
R520,Multi,SR_F440_F520,Static,0.0,True
R580,Multi,R780,Multi,0.0,False
R580,Multi,R760,Multi,0.0,False
R580,Multi,R730,Multi,0.0,False
R900,Multi,VI_SIPI,Multi,0.0,False
R580,Multi,R660,Multi,0.0,False
R520,Multi,OJIP_TRo_RC,OJIP,0.0,True
VI_NDVI,Multi,VI_NDWI,Multi,0.0,False
VI_NDVI,Multi,VI_GNDVI,Multi,0.0,False
R660,Multi,VI_NDRE,Multi,0.0,False
R710,Multi,R810,Multi,0.0,False
R850,Multi,OJIP_TRo_RC,OJIP,0.0,True
R780,Multi,OJIP_TRo_RC,OJIP,0.0,True
VI_EVI,Multi,SR_F440_F740,Static,0.0,True
R810,Multi,OJIP_PIabs,OJIP,0.0,True
R780,Multi,SR_F440_F740,Static,0.0,True
R780,Multi,SR_F690_F740,Static,0.0,True
R780,Multi,RF(F690),Static,0.0,True
R810,Multi,OJIP_Vj,OJIP,0.0,True
R780,Multi,GF(F520),Static,0.0,True
R780,Multi,VI_NDWI,Multi,0.0,False
R810,Multi,OJIP_ABS_RC_log,OJIP,0.0,True
R780,Multi,VI_GNDVI,Multi,0.0,False
R780,Multi,VI_SIPI,Multi,0.0,False
R780,Multi,VI_NDVI,Multi,0.0,False
R780,Multi,R900,Multi,0.0,False
R780,Multi,R850,Multi,0.0,False
R760,Multi,OJIP_ABS_RC_log,OJIP,0.0,True
R810,Multi,OJIP_DIo_RC_log,OJIP,0.0,True
R850,Multi,R900,Multi,0.0,False
VI_MTCI,Multi,SR_F520_F690,Static,0.0,True
VI_MTCI,Multi,SR_F440_F740,Static,0.0,True
R850,Multi,VI_EVI,Multi,0.0,False
VI_MTCI,Multi,OJIP_PIabs,OJIP,0.0,True
R810,Multi,SR_F440_F740,Static,0.0,True
VI_PRI,Multi,VI_GNDVI,Multi,0.0,False
R850,Multi,VI_SIPI,Multi,0.0,False
VI_PRI,Multi,VI_MTCI,Multi,0.0,False
R780,Multi,OJIP_ABS_RC_log,OJIP,0.0,True
VI_SIPI,Multi,VI_PRI,Multi,0.0,False
VI_SIPI,Multi,VI_MTCI,Multi,0.0,False
VI_SIPI,Multi,VI_GNDVI,Multi,0.0,False
VI_SIPI,Multi,VI_NDWI,Multi,0.0,False
VI_SIPI,Multi,GF(F520),Static,0.0,True
VI_SIPI,Multi,RF(F690),Static,0.0,True
VI_SIPI,Multi,FrF(f740),Static,0.0,True
R810,Multi,VI_EVI,Multi,0.0,False
R810,Multi,VI_GNDVI,Multi,0.0,False
VI_SIPI,Multi,SR_F440_F520,Static,0.0,True
VI_EVI,Multi,OJIP_PIabs,OJIP,0.0,True
VI_SIPI,Multi,SR_F520_F740,Static,0.0,True
VI_NDVI,Multi,SR_F440_F740,Static,0.0,True
VI_SIPI,Multi,OJIP_PIabs,OJIP,0.0,True
VI_SIPI,Multi,OJIP_TRo_RC,OJIP,0.0,True
VI_SIPI,Multi,OJIP_ETo_RC,OJIP,0.0,True
VI_SIPI,Multi,OJIP_Vi,OJIP,0.0,True
VI_SIPI,Multi,OJIP_Vj,OJIP,0.0,True
VI_SIPI,Multi,OJIP_ABS_RC_log,OJIP,0.0,True
VI_SIPI,Multi,OJIP_DIo_RC_log,OJIP,0.0,True
VI_MTCI,Multi,OJIP_TRo_RC,OJIP,0.0,True
VI_MTCI,Multi,OJIP_ABS_RC_log,OJIP,0.0,True
R660,Multi,VI_SIPI,Multi,0.0,False
R900,Multi,OJIP_TRo_RC,OJIP,0.0,True
R710,Multi,OJIP_PIabs,OJIP,0.0,True
R710,Multi,SR_F440_F740,Static,0.0,True
VI_NDVI,Multi,OJIP_PIabs,OJIP,0.0,True
R710,Multi,SR_F440_F690,Static,0.0,True
R850,Multi,GF(F520),Static,0.0,True
R710,Multi,VI_SIPI,Multi,0.0,False
GF(F520),Static,SR_F690_F740,Static,0.0,False
R710,Multi,R900,Multi,0.0,False
R710,Multi,R850,Multi,0.0,False
GF(F520),Static,SR_F520_F690,Static,0.0,False
R850,Multi,RF(F690),Static,0.0,True
GF(F520),Static,SR_F520_F740,Static,0.0,False
GF(F520),Static,OJIP_ABS_RC_log,OJIP,0.0,True
RF(F690),Static,SR_F690_F740,Static,0.0,False
VI_NDVI,Multi,OJIP_TRo_RC,OJIP,0.0,True
R660,Multi,SR_F440_F740,Static,0.0,True
VI_NDRE,Multi,SR_F520_F740,Static,0.0,True
R660,Multi,SR_F690_F740,Static,0.0,True
R850,Multi,OJIP_PIabs,OJIP,0.0,True
R660,Multi,VI_GNDVI,Multi,0.0,False
R660,Multi,VI_MTCI,Multi,0.0,False
R710,Multi,OJIP_Vj,OJIP,0.0,True
R730,Multi,R780,Multi,0.0,False
VI_GNDVI,Multi,VI_NDWI,Multi,0.0,False
R730,Multi,R850,Multi,0.0,False
R760,Multi,SR_F690_F740,Static,0.0,True
R760,Multi,VI_GNDVI,Multi,0.0,False
R760,Multi,VI_PRI,Multi,0.0,False
VI_GNDVI,Multi,SR_F440_F740,Static,0.0,True
R760,Multi,VI_SIPI,Multi,0.0,False
VI_GNDVI,Multi,OJIP_PIabs,OJIP,0.0,True
R760,Multi,VI_EVI,Multi,0.0,False
R760,Multi,VI_NDVI,Multi,0.0,False
R760,Multi,R850,Multi,0.0,False
R760,Multi,R810,Multi,0.0,False
R900,Multi,SR_F520_F740,Static,0.0,True
VI_NDVI,Multi,VI_EVI,Multi,0.0,False
R850,Multi,VI_MTCI,Multi,0.0,False
R850,Multi,VI_GNDVI,Multi,0.0,False
VI_EVI,Multi,VI_SIPI,Multi,0.0,False
R850,Multi,VI_NDWI,Multi,0.0,False
R730,Multi,VI_MTCI,Multi,0.0,False
R730,Multi,VI_SIPI,Multi,0.0,False
VI_NDWI,Multi,OJIP_ABS_RC_log,OJIP,0.0,True
R730,Multi,VI_NDVI,Multi,0.0,False
VI_NDVI,Multi,OJIP_Vj,OJIP,0.0,True
R900,Multi,SR_F690_F740,Static,0.0,True
